power,speed,r
0.2,0.002116667,0.23
0.2,0.004233333,0.23
0.2,0.00635,0.23
0.2,0.008466667,0.23
0.25,0.004233333,0.27
0.25,0.00635,0.27
0.25,0.008466667,0.27
0.25,0.010583333,0.27
0.3,0.00635,0.3
0.3,0.008466667,0.3
0.3,0.010583333,0.3
0.3,0.0127,0.3
0.35,0.008466667,0.33
0.35,0.010583333,0.33
0.35,0.0127,0.33
0.35,0.014816667,0.33
